repost_key,username,repost_of_key,created_at
alex-rp-01,alex,finley-03,2026-05-02T09:00:00+00:00
alex-rp-02,alex,casey-06,2026-05-02T10:00:00+00:00
blair-rp-01,blair,indigo-05,2026-05-02T09:05:00+00:00
blair-rp-02,blair,finley-04,2026-05-02T10:05:00+00:00
blair-rp-03,blair,emery-07,2026-05-02T11:05:00+00:00
casey-rp-01,casey,gray-04,2026-05-02T09:10:00+00:00
casey-rp-02,casey,harper-04,2026-05-02T10:10:00+00:00
devon-rp-01,devon,alex-08,2026-05-02T09:15:00+00:00
devon-rp-02,devon,indigo-04,2026-05-02T10:15:00+00:00
devon-rp-03,devon,blair-03,2026-05-02T11:15:00+00:00
emery-rp-01,emery,casey-01,2026-05-02T09:20:00+00:00
emery-rp-02,emery,jordan-06,2026-05-02T10:20:00+00:00
finley-rp-01,finley,blair-06,2026-05-02T09:25:00+00:00
finley-rp-02,finley,indigo-06,2026-05-02T10:25:00+00:00
finley-rp-03,finley,alex-07,2026-05-02T11:25:00+00:00
gray-rp-01,gray,casey-07,2026-05-02T09:30:00+00:00
gray-rp-02,gray,emery-05,2026-05-02T10:30:00+00:00
harper-rp-01,harper,alex-05,2026-05-02T09:35:00+00:00
harper-rp-02,harper,gray-02,2026-05-02T10:35:00+00:00
harper-rp-03,harper,jordan-08,2026-05-02T11:35:00+00:00
indigo-rp-01,indigo,blair-04,2026-05-02T09:40:00+00:00
indigo-rp-02,indigo,devon-05,2026-05-02T10:40:00+00:00
jordan-rp-01,jordan,emery-02,2026-05-02T09:45:00+00:00
jordan-rp-02,jordan,harper-02,2026-05-02T10:45:00+00:00
jordan-rp-03,jordan,alex-03,2026-05-02T11:45:00+00:00
